[
  {
    "name": "(CDN) [CF] WorldUnited.gg Mirror",
    "url": "https://cdn.worldunited.gg/en/index.xml",
    "icon": "https://favicons.githubusercontent.com/cdn.worldunited.gg",
    "slug": "cdn-cf-world-united-gg-mirror",
    "status": "up",
    "uptime": "100.00%",
    "uptimeDay": "100.00%",
    "uptimeWeek": "100.00%",
    "uptimeMonth": "100.00%",
    "uptimeYear": "100.00%",
    "time": 137,
    "timeDay": 137,
    "timeWeek": 137,
    "timeMonth": 137,
    "timeYear": 137,
    "dailyMinutesDown": {}
  },
  {
    "name": "(CDN) [CF] DavidCarbon Mirror",
    "url": "http://g-sbrw.davidcarbon.download/en/index.xml",
    "icon": "https://favicons.githubusercontent.com/g-sbrw.davidcarbon.download",
    "slug": "cdn-cf-david-carbon-mirror",
    "status": "up",
    "uptime": "100.00%",
    "uptimeDay": "100.00%",
    "uptimeWeek": "100.00%",
    "uptimeMonth": "100.00%",
    "uptimeYear": "100.00%",
    "time": 246,
    "timeDay": 246,
    "timeWeek": 246,
    "timeMonth": 246,
    "timeYear": 246,
    "dailyMinutesDown": {}
  },
  {
    "name": "(CDN) [FR] NightRiderz Mirror",
    "url": "https://cdn.nightriderz.world/nfsw/en/index.xml",
    "icon": "https://favicons.githubusercontent.com/cdn.nightriderz.world",
    "slug": "cdn-fr-night-riderz-mirror",
    "status": "up",
    "uptime": "100.00%",
    "uptimeDay": "100.00%",
    "uptimeWeek": "100.00%",
    "uptimeMonth": "100.00%",
    "uptimeYear": "100.00%",
    "time": 516,
    "timeDay": 516,
    "timeWeek": 516,
    "timeMonth": 516,
    "timeYear": 516,
    "dailyMinutesDown": {}
  },
  {
    "name": "(CDN) [US] DavidCarbon Mirror - Alternative",
    "url": "http://g2-sbrw.davidcarbon.download/en/index.xml",
    "icon": "https://favicons.githubusercontent.com/g2-sbrw.davidcarbon.download",
    "slug": "cdn-us-david-carbon-mirror-alternative",
    "status": "up",
    "uptime": "100.00%",
    "uptimeDay": "100.00%",
    "uptimeWeek": "100.00%",
    "uptimeMonth": "100.00%",
    "uptimeYear": "100.00%",
    "time": 284,
    "timeDay": 284,
    "timeWeek": 284,
    "timeMonth": 284,
    "timeYear": 284,
    "dailyMinutesDown": {}
  },
  {
    "name": "(Server) WorldUnited OFFICIAL",
    "url": "http://game.worldunited.gg:8080/Engine.svc/GetServerInformation",
    "icon": "https://favicons.githubusercontent.com/game.worldunited.gg",
    "slug": "server-world-united-official",
    "status": "up",
    "uptime": "100.00%",
    "uptimeDay": "100.00%",
    "uptimeWeek": "100.00%",
    "uptimeMonth": "100.00%",
    "uptimeYear": "100.00%",
    "time": 127,
    "timeDay": 127,
    "timeWeek": 127,
    "timeMonth": 127,
    "timeYear": 127,
    "dailyMinutesDown": {}
  },
  {
    "name": "(Server) NIGHTRIDERZ | HORIZON",
    "url": "http://horizon.nightriderz.world:8080/Engine.svc/GetServerInformation",
    "icon": "https://favicons.githubusercontent.com/horizon.nightriderz.world",
    "slug": "server-nightriderz-horizon",
    "status": "up",
    "uptime": "100.00%",
    "uptimeDay": "100.00%",
    "uptimeWeek": "100.00%",
    "uptimeMonth": "100.00%",
    "uptimeYear": "100.00%",
    "time": 312,
    "timeDay": 312,
    "timeWeek": 312,
    "timeMonth": 312,
    "timeYear": 312,
    "dailyMinutesDown": {}
  },
  {
    "name": "(Server) World Evolved RU",
    "url": "http://92.63.111.195:8680/soapbox-race-core/Engine.svc/GetServerInformation",
    "icon": "https://favicons.githubusercontent.com/92.63.111.195",
    "slug": "server-world-evolved-ru",
    "status": "up",
    "uptime": "100.00%",
    "uptimeDay": "100.00%",
    "uptimeWeek": "100.00%",
    "uptimeMonth": "100.00%",
    "uptimeYear": "100.00%",
    "time": 265,
    "timeDay": 265,
    "timeWeek": 265,
    "timeMonth": 265,
    "timeYear": 265,
    "dailyMinutesDown": {}
  },
  {
    "name": "(Server) Sparkserver",
    "url": "https://core.sparkserver.io/soapbox-race-core/Engine.svc/GetServerInformation",
    "icon": "https://favicons.githubusercontent.com/core.sparkserver.io",
    "slug": "server-sparkserver",
    "status": "up",
    "uptime": "100.00%",
    "uptimeDay": "100.00%",
    "uptimeWeek": "100.00%",
    "uptimeMonth": "100.00%",
    "uptimeYear": "100.00%",
    "time": 325,
    "timeDay": 325,
    "timeWeek": 325,
    "timeMonth": 325,
    "timeYear": 325,
    "dailyMinutesDown": {}
  },
  {
    "name": "(Server) UNDERGROUND STAGE | BETA",
    "url": "http://155.138.131.23:8080/core/Engine.svc/GetServerInformation",
    "icon": "https://favicons.githubusercontent.com/155.138.131.23",
    "slug": "server-underground-stage-beta",
    "status": "up",
    "uptime": "100.00%",
    "uptimeDay": "100.00%",
    "uptimeWeek": "100.00%",
    "uptimeMonth": "100.00%",
    "uptimeYear": "100.00%",
    "time": 61,
    "timeDay": 61,
    "timeWeek": 61,
    "timeMonth": 61,
    "timeYear": 61,
    "dailyMinutesDown": {}
  },
  {
    "name": "(Server) WorldOnline",
    "url": "http://worldonline.pl:2137/Engine.svc/GetServerInformation",
    "icon": "https://favicons.githubusercontent.com/worldonline.pl",
    "slug": "server-world-online",
    "status": "up",
    "uptime": "100.00%",
    "uptimeDay": "100.00%",
    "uptimeWeek": "100.00%",
    "uptimeMonth": "100.00%",
    "uptimeYear": "100.00%",
    "time": 287,
    "timeDay": 287,
    "timeWeek": 287,
    "timeMonth": 287,
    "timeYear": 287,
    "dailyMinutesDown": {}
  }
]